<?xml version="1.0" encoding="UTF-8"?>
<mule xmlns:api-platform-gw="http://www.mulesoft.org/schema/mule/api-platform-gw" xmlns:apikit="http://www.mulesoft.org/schema/mule/apikit" xmlns:json="http://www.mulesoft.org/schema/mule/json" xmlns="http://www.mulesoft.org/schema/mule/core"
	xmlns:doc="http://www.mulesoft.org/schema/mule/documentation" xmlns:dw="http://www.mulesoft.org/schema/mule/ee/dw"
	xmlns:http="http://www.mulesoft.org/schema/mule/http" xmlns:metadata="http://www.mulesoft.org/schema/mule/metadata"
	xmlns:mulexml="http://www.mulesoft.org/schema/mule/xml" xmlns:spring="http://www.springframework.org/schema/beans"
	xmlns:tracking="http://www.mulesoft.org/schema/mule/ee/tracking"
	xmlns:ws="http://www.mulesoft.org/schema/mule/ws" xmlns:xsi="http://www.w3.org/2001/XMLSchema-instance"
	xsi:schemaLocation="http://www.springframework.org/schema/beans http://www.springframework.org/schema/beans/spring-beans-current.xsd
http://www.mulesoft.org/schema/mule/core http://www.mulesoft.org/schema/mule/core/current/mule.xsd
http://www.mulesoft.org/schema/mule/ws http://www.mulesoft.org/schema/mule/ws/current/mule-ws.xsd
http://www.mulesoft.org/schema/mule/http http://www.mulesoft.org/schema/mule/http/current/mule-http.xsd
http://www.mulesoft.org/schema/mule/ee/tracking http://www.mulesoft.org/schema/mule/ee/tracking/current/mule-tracking-ee.xsd
http://www.mulesoft.org/schema/mule/ee/dw http://www.mulesoft.org/schema/mule/ee/dw/current/dw.xsd
http://www.mulesoft.org/schema/mule/xml http://www.mulesoft.org/schema/mule/xml/current/mule-xml.xsd
http://www.mulesoft.org/schema/mule/json http://www.mulesoft.org/schema/mule/json/current/mule-json.xsd
http://www.mulesoft.org/schema/mule/api-platform-gw http://www.mulesoft.org/schema/mule/api-platform-gw/current/mule-api-platform-gw.xsd
http://www.mulesoft.org/schema/mule/apikit http://www.mulesoft.org/schema/mule/apikit/current/mule-apikit.xsd">
	<ws:consumer-config doc:name="Modernized Tshirt Service"
		name="ModernizedTshirtService" port="TshirtServicePortTypePort" service="TshirtServicePortTypeService"
		serviceAddress="http://tshirt-service.cloudhub.io/" wsdlLocation="tshirt.wsdl" />
	<http:listener-config doc:name="HTTP Listener Configuration"
		host="0.0.0.0" name="HTTP_Listener_Configuration" port="${http.port}" />
    <apikit:config name="Router" raml="api/tshirt.raml" consoleEnabled="false" consolePath="console" keepRamlBaseUri="true" doc:name="Router"/>
    <flow name="Index">
        <http:listener config-ref="HTTP_Listener_Configuration" path="/" doc:name="HTTP"/>
        <http:static-resource-handler resourceBase="${app.home}/web" defaultFile="index.html" doc:name="HTTP Static Resource Handler"/>
    </flow>
    <flow name="listInventory">
        <http:listener config-ref="HTTP_Listener_Configuration" path="/inventory" doc:name="Recieve HTTP request">
            <http:response-builder statusCode="200"/>
        </http:listener>
        <ws:consumer config-ref="ModernizedTshirtService" operation="ListInventory" doc:name="List Inventory"/>
        <json:xml-to-json-transformer doc:name="XML to JSON"/>
    </flow>

	<flow name="orderTshirt">
		<http:listener config-ref="HTTP_Listener_Configuration"
			doc:name="Recieve HTTP request" metadata:id="d70490c0-8c44-4610-b5ec-6968dfd38a40"
			path="/orders">
			<http:response-builder statusCode="200" />
		</http:listener>
		<dw:transform-message doc:name="JSON to XML"
			metadata:id="1abfbdc1-b6fd-4684-90fd-9321798318af">
			<dw:input-payload doc:sample="json.json" />
			<dw:set-payload><![CDATA[%dw 1.0
%output application/xml
%namespace ns0 http://mulesoft.org/tshirt-service
---
ns0#OrderTshirt: payload]]></dw:set-payload>
			<dw:set-property propertyName="soap.header"><![CDATA[%dw 1.0
%output application/xml
%namespace ns0 http://mulesoft.org/tshirt-service
---
ns0#AuthenticationHeader : {
	apiKey: "abc12345"	
}]]></dw:set-property>
		</dw:transform-message>
		<ws:consumer config-ref="ModernizedTshirtService" operation="OrderTshirt"
			doc:name="Order Tshirt" />
		<dw:transform-message doc:name="XML to JSON"
			metadata:id="f07f1a0b-5d88-4edd-bcd4-e417c115da65">
			<dw:input-payload doc:sample="OrderTshirtResponse.xml" />
			<dw:set-payload><![CDATA[%dw 1.0
%output application/json
---
payload]]></dw:set-payload>
		</dw:transform-message>
	</flow>
    <flow name="trackOrder">
        <http:listener config-ref="HTTP_Listener_Configuration" path="/trackOrder" doc:name="Recieve HTTP request" metadata:id="d70490c0-8c44-4610-b5ec-6968dfd38a40">
            <http:response-builder statusCode="200"/>
        </http:listener>
        <dw:transform-message doc:name="JSON to XML" metadata:id="60cc38aa-2ddc-41d5-89a9-ccf8f063a2bd">
            <dw:input-payload doc:sample="json_1.json"/>
            <dw:set-payload><![CDATA[%dw 1.0
%output application/xml
%namespace ns0 http://mulesoft.org/tshirt-service
---
ns0#TrackOrder: payload]]></dw:set-payload>
            <dw:set-property propertyName="soap.header"><![CDATA[%dw 1.0
%output application/xml
%namespace ns0 http://mulesoft.org/tshirt-service
---
ns0#AuthenticationHeader : {
	apiKey: "abc12345"	
}]]></dw:set-property>
        </dw:transform-message>
        <ws:consumer config-ref="ModernizedTshirtService" operation="TrackOrder" doc:name="Track Oder"/>
        <dw:transform-message doc:name="XML to JSON" metadata:id="8014989b-1113-4c14-98ec-5bd14af45f71">
            <dw:input-payload doc:sample="TrackOrderResponse"/>
            <dw:set-payload><![CDATA[%dw 1.0
%output application/json
---
payload]]></dw:set-payload>
        </dw:transform-message>
    </flow>

</mule>